{"nodes":{"node:1":{"location":{"x":10,"y":10}},"node:4":{"location":{"x":210,"y":60}},"node:8":{"location":{"x":86,"y":120}}},"selection":null,"view":{"scroll":{"x":-104.157012939453125,"y":-32.6842994689941406},"zoom":1.9689335823059082}}